study	group	count	interventions	measurement_type	substance	tissue	method	label	time	timerel	time_unit	mean	mean_pm	mean_sd	comments	mean_unit
Awada2005	SOF200	3.0	SOF200_D21	concentration	sorafenib	plasma	LC MS/MS	SOF200_D21	480.0	0.0	hour	0.010456430363189663	5.755658	0.0019259621880015334		mole/meter^3
Awada2005	SOF200	3.0	SOF200_D21	concentration	sorafenib	plasma	LC MS/MS	SOF200_D21	482.0	2.0	hour	0.011396068636435998	6.3724337	0.0023132197854681103		mole/meter^3
Awada2005	SOF200	3.0	SOF200_D21	concentration	sorafenib	plasma	LC MS/MS	SOF200_D21	483.0	3.0	hour	0.009748074333191342	8.60344	0.008760873100902272		mole/meter^3
Awada2005	SOF200	3.0	SOF200_D21	concentration	sorafenib	plasma	LC MS/MS	SOF200_D21	484.0	4.0	hour	0.007816494774388692	4.9799914	0.0028971731357540233		mole/meter^3
Awada2005	SOF200	3.0	SOF200_D21	concentration	sorafenib	plasma	LC MS/MS	SOF200_D21	486.0	6.0	hour	0.007728231209097596	4.8802824	0.0027709284764621594		mole/meter^3
Awada2005	SOF200	3.0	SOF200_D21	concentration	sorafenib	plasma	LC MS/MS	SOF200_D21	492.0	12.0	hour	0.008544585070542522	9.060681	0.010948044429528467		mole/meter^3
Awada2005	SOF200	3.0	SOF200_D21	concentration	sorafenib	plasma	LC MS/MS	SOF200_D21	528.0	48.0	hour	0.00823223959072857	4.64817	0.0017675667884326605		mole/meter^3
Awada2005	SOF200	3.0	SOF200_D21	concentration	sorafenib	plasma	LC MS/MS	SOF200_D21	576.0	96.0	hour	0.0017900067982427829	1.2927817	0.0009912096139200472		mole/meter^3
