study	group	count	interventions	measurement_type	substance	tissue	method	label	time	timerel	time_unit	mean	mean_pm	mean_sd	comments	mean_unit
Awada2005	SOF100	4.0	SOF100_D7	concentration	sorafenib	plasma	LC MS/MS	SOF100_D7	144.0	0.0	hour	0.00427934990727713	3.15	0.002497379449514441		mole/meter^3
Awada2005	SOF100	4.0	SOF100_D7	concentration	sorafenib	plasma	LC MS/MS	SOF100_D7	146.0	2.0	hour	0.00835598933794581	4.2954545	0.0008850051417089404		mole/meter^3
Awada2005	SOF100	4.0	SOF100_D7	concentration	sorafenib	plasma	LC MS/MS	SOF100_D7	147.0	3.0	hour	0.005308119597440761		0.0		mole/meter^3
Awada2005	SOF100	4.0	SOF100_D7	concentration	sorafenib	plasma	LC MS/MS	SOF100_D7	148.0	4.0	hour	0.0036168144639069236	2.4545455	0.0016637539638488376		mole/meter^3
Awada2005	SOF100	4.0	SOF100_D7	concentration	sorafenib	plasma	LC MS/MS	SOF100_D7	150.0	6.0	hour	0.005635659795278232	2.9945455	0.0008066336650703703		mole/meter^3
Awada2005	SOF100	4.0	SOF100_D7	concentration	sorafenib	plasma	LC MS/MS	SOF100_D7	156.0	12.0	hour	0.0041389362901386745	2.168182	0.0005255661258191236		mole/meter^3
